index,period,org_code,attendances,breaches
77,2017-03-01,RLT,6726,799
117,2017-03-01,RXK,14665,2828
118,2017-03-01,RXK,2087,39
119,2017-03-01,RXK,2783,0
122,2017-03-01,RXW,10371,2217
123,2017-03-01,RXW,1673,0
126,2017-03-01,RJC,5572,198
127,2017-03-01,RJC,663,0
131,2017-03-01,RNA,9006,679
132,2017-03-01,RNA,6393,0
133,2017-03-01,RQW,8737,1935
135,2017-03-01,RL4,11505,1651
136,2017-03-01,RL4,8651,104
138,2017-03-01,RRK,10032,1543
139,2017-03-01,RKB,11986,3213
140,2017-03-01,RKB,2081,47
141,2017-03-01,RKB,2187,2
145,2017-03-01,RJE,15129,4019
146,2017-03-01,RJE,429,0
147,2017-03-01,RJE,4774,91
148,2017-03-01,RBK,6360,1986
149,2017-03-01,RBK,3809,1
154,2017-03-01,RWP,9976,2711
155,2017-03-01,RWP,5581,2
156,2017-03-01,RLQ,4618,915
157,2017-03-01,RLQ,3060,0
425,2017-02-01,RLT,5658,1015
465,2017-02-01,RXK,12951,3034
466,2017-02-01,RXK,1713,12
467,2017-02-01,RXK,2520,0
470,2017-02-01,RXW,8779,2497
471,2017-02-01,RXW,1525,0
475,2017-02-01,RJC,4651,225
476,2017-02-01,RJC,545,0
480,2017-02-01,RNA,7769,1064
481,2017-02-01,RNA,6072,0
482,2017-02-01,RQW,7459,2395
484,2017-02-01,RL4,9797,1689
485,2017-02-01,RL4,8131,156
487,2017-02-01,RRK,8753,1654
488,2017-02-01,RKB,10339,2822
489,2017-02-01,RKB,1843,29
490,2017-02-01,RKB,1835,4
494,2017-02-01,RJE,12948,3777
495,2017-02-01,RJE,377,0
496,2017-02-01,RJE,4003,38
497,2017-02-01,RBK,5593,1636
498,2017-02-01,RBK,3227,25
503,2017-02-01,RWP,8647,2957
504,2017-02-01,RWP,4741,1
505,2017-02-01,RLQ,3908,965
506,2017-02-01,RLQ,2698,0
772,2017-01-01,RLT,6258,1380
812,2017-01-01,RXK,13929,2932
813,2017-01-01,RXK,1990,14
814,2017-01-01,RXK,2720,0
817,2017-01-01,RXW,9289,2882
818,2017-01-01,RXW,1727,0
822,2017-01-01,RJC,4949,379
823,2017-01-01,RJC,570,0
826,2017-01-01,RNA,8593,1903
827,2017-01-01,RNA,6882,0
828,2017-01-01,RQW,8076,3019
830,2017-01-01,RL4,10711,2416
831,2017-01-01,RL4,7657,67
833,2017-01-01,RRK,9640,2585
834,2017-01-01,RKB,11313,3361
835,2017-01-01,RKB,1861,45
836,2017-01-01,RKB,1927,7
840,2017-01-01,RJE,14046,4583
841,2017-01-01,RJE,404,0
842,2017-01-01,RJE,4376,65
843,2017-01-01,RBK,6401,2418
844,2017-01-01,RBK,3587,14
849,2017-01-01,RWP,9170,3174
850,2017-01-01,RWP,4785,0
852,2017-01-01,RLQ,4195,1060
853,2017-01-01,RLQ,3060,0
1117,2016-12-01,RLT,6396,1119
1158,2016-12-01,RXK,13578,3319
1159,2016-12-01,RXK,1945,5
1160,2016-12-01,RXK,2886,0
1163,2016-12-01,RXW,9667,2523
1164,2016-12-01,RXW,1812,0
1168,2016-12-01,RJC,5226,393
1169,2016-12-01,RJC,535,0
1172,2016-12-01,RNA,8720,1495
1173,2016-12-01,RNA,7491,0
1174,2016-12-01,RQW,8432,2584
1176,2016-12-01,RL4,10541,1591
1177,2016-12-01,RL4,9089,83
1179,2016-12-01,RRK,9449,2179
1180,2016-12-01,RKB,11507,3100
1181,2016-12-01,RKB,1655,21
1182,2016-12-01,RKB,2115,5
1186,2016-12-01,RJE,14278,5110
1187,2016-12-01,RJE,358,0
1188,2016-12-01,RJE,4640,23
1189,2016-12-01,RBK,6268,2093
1190,2016-12-01,RBK,3714,6
1195,2016-12-01,RWP,9735,3568
1196,2016-12-01,RWP,4690,0
1198,2016-12-01,RLQ,4490,1318
1199,2016-12-01,RLQ,3104,0
1463,2016-11-01,RLT,6425,931
1504,2016-11-01,RXK,14002,3224
1505,2016-11-01,RXK,2131,13
1506,2016-11-01,RXK,2729,0
1509,2016-11-01,RXW,9692,2345
1510,2016-11-01,RXW,1555,0
1514,2016-11-01,RJC,5116,201
1515,2016-11-01,RJC,614,0
1518,2016-11-01,RNA,8501,1183
1519,2016-11-01,RNA,6233,0
1520,2016-11-01,RQW,8533,2512
1522,2016-11-01,RL4,10573,1460
1523,2016-11-01,RL4,8614,28
1525,2016-11-01,RRK,9422,1759
1526,2016-11-01,RKB,12101,2976
1527,2016-11-01,RKB,1966,33
1528,2016-11-01,RKB,2093,6
1532,2016-11-01,RJE,14356,4635
1533,2016-11-01,RJE,437,0
1534,2016-11-01,RJE,4522,6
1535,2016-11-01,RBK,6175,1843
1536,2016-11-01,RBK,3616,1
1541,2016-11-01,RWP,9563,3122
1542,2016-11-01,RWP,5239,1
1544,2016-11-01,RLQ,4398,994
1545,2016-11-01,RLQ,2892,0
1808,2016-10-01,RLT,6597,927
1848,2016-10-01,RXK,14272,2663
1849,2016-10-01,RXK,2146,13
1850,2016-10-01,RXK,2767,0
1853,2016-10-01,RXW,10400,2630
1854,2016-10-01,RXW,1671,0
1858,2016-10-01,RJC,5582,253
1859,2016-10-01,RJC,647,0
1862,2016-10-01,RNA,8907,686
1863,2016-10-01,RNA,6382,0
1864,2016-10-01,RQW,8666,1973
1865,2016-10-01,RQW,25,0
1867,2016-10-01,RL4,11108,1468
1868,2016-10-01,RL4,8228,15
1870,2016-10-01,RRK,10075,2013
1871,2016-10-01,RKB,12315,2369
1872,2016-10-01,RKB,1785,21
1873,2016-10-01,RKB,2230,5
1877,2016-10-01,RJE,15000,4731
1878,2016-10-01,RJE,361,0
1879,2016-10-01,RJE,4811,9
1880,2016-10-01,RBK,6388,1921
1881,2016-10-01,RBK,3703,7
1886,2016-10-01,RWP,10269,3029
1887,2016-10-01,RWP,5630,0
1889,2016-10-01,RLQ,4504,984
1890,2016-10-01,RLQ,2993,0
2151,2016-09-01,RLT,6363,584
2191,2016-09-01,RXK,14180,2020
2192,2016-09-01,RXK,2146,31
2193,2016-09-01,RXK,2568,0
2196,2016-09-01,RXW,10012,2131
2197,2016-09-01,RXW,1493,0
2202,2016-09-01,RJC,5230,279
2203,2016-09-01,RJC,698,0
2206,2016-09-01,RNA,8612,677
2207,2016-09-01,RNA,5750,0
2208,2016-09-01,RQW,8196,2258
2209,2016-09-01,RQW,189,1
2211,2016-09-01,RL4,10999,1123
2212,2016-09-01,RL4,7409,7
2214,2016-09-01,RRK,9578,1751
2215,2016-09-01,RKB,11266,1502
2216,2016-09-01,RKB,1981,25
2217,2016-09-01,RKB,2325,8
2221,2016-09-01,RJE,14011,3986
2222,2016-09-01,RJE,423,0
2223,2016-09-01,RJE,4903,6
2224,2016-09-01,RBK,6159,1312
2225,2016-09-01,RBK,3538,0
2230,2016-09-01,RWP,9872,2721
2231,2016-09-01,RWP,5915,0
2233,2016-09-01,RLQ,4570,1078
2234,2016-09-01,RLQ,2772,0
2495,2016-08-01,RLT,6056,278
2535,2016-08-01,RXK,13315,1853
2536,2016-08-01,RXK,2128,31
2537,2016-08-01,RXK,2803,0
2540,2016-08-01,RXW,10201,2113
2541,2016-08-01,RXW,1642,0
2546,2016-08-01,RJC,5056,189
2547,2016-08-01,RJC,722,0
2550,2016-08-01,RNA,8575,603
2551,2016-08-01,RNA,5807,0
2552,2016-08-01,RQW,8144,1970
2553,2016-08-01,RQW,168,0
2555,2016-08-01,RL4,10700,1768
2556,2016-08-01,RL4,4279,0
2558,2016-08-01,RRK,9584,1771
2559,2016-08-01,RKB,10892,1546
2560,2016-08-01,RKB,1846,16
2561,2016-08-01,RKB,2255,14
2565,2016-08-01,RJE,14568,3214
2566,2016-08-01,RJE,439,0
2567,2016-08-01,RJE,4802,39
2568,2016-08-01,RBK,5747,1223
2569,2016-08-01,RBK,3498,5
2575,2016-08-01,RWP,10161,2581
2576,2016-08-01,RWP,5631,1
2578,2016-08-01,RLQ,4612,1234
2579,2016-08-01,RLQ,3172,0
2841,2016-07-01,RLT,6820,740
2881,2016-07-01,RXK,14488,2128
2882,2016-07-01,RXK,2017,40
2883,2016-07-01,RXK,2864,21
2886,2016-07-01,RXW,10919,1673
2887,2016-07-01,RXW,1880,0
2892,2016-07-01,RJC,5701,300
2893,2016-07-01,RJC,717,0
2896,2016-07-01,RNA,8947,596
2897,2016-07-01,RNA,6786,0
2898,2016-07-01,RQW,8919,2477
2899,2016-07-01,RQW,189,0
2901,2016-07-01,RL4,11561,1845
2902,2016-07-01,RL4,4663,0
2904,2016-07-01,RRK,9842,1333
2905,2016-07-01,RKB,11961,2778
2906,2016-07-01,RKB,1927,54
2907,2016-07-01,RKB,2515,19
2911,2016-07-01,RJE,15596,4317
2912,2016-07-01,RJE,384,0
2913,2016-07-01,RJE,5293,45
2914,2016-07-01,RBK,6629,1518
2915,2016-07-01,RBK,4036,1
2921,2016-07-01,RWP,11004,2465
2922,2016-07-01,RWP,6211,5
2924,2016-07-01,RLQ,4891,888
2925,2016-07-01,RLQ,3172,0
3186,2016-06-01,RLT,6448,322
3226,2016-06-01,RXK,14021,1588
3227,2016-06-01,RXK,2015,37
3228,2016-06-01,RXK,2666,0
3231,2016-06-01,RXW,10197,2132
3232,2016-06-01,RXW,1929,0
3237,2016-06-01,RJC,5109,229
3238,2016-06-01,RJC,656,0
3241,2016-06-01,RNA,8444,466
3242,2016-06-01,RNA,5918,0
3243,2016-06-01,RQW,8240,2487
3244,2016-06-01,RQW,221,0
3246,2016-06-01,RL4,11028,1280
3247,2016-06-01,RL4,4229,0
3249,2016-06-01,RRK,9608,1397
3250,2016-06-01,RKB,11639,2888
3251,2016-06-01,RKB,1943,18
3252,2016-06-01,RKB,2380,9
3256,2016-06-01,RJE,15024,4019
3257,2016-06-01,RJE,415,0
3258,2016-06-01,RJE,4834,50
3259,2016-06-01,RBK,5775,1030
3260,2016-06-01,RBK,4297,18
3266,2016-06-01,RWP,10212,2447
3267,2016-06-01,RWP,5726,0
3269,2016-06-01,RLQ,4542,873
3270,2016-06-01,RLQ,3129,0
3532,2016-05-01,RLT,6320,470
3572,2016-05-01,RXK,15009,1401
3573,2016-05-01,RXK,2346,50
3574,2016-05-01,RXK,3011,0
3577,2016-05-01,RXW,10642,1922
3578,2016-05-01,RXW,2012,0
3583,2016-05-01,RJC,5447,263
3584,2016-05-01,RJC,702,0
3587,2016-05-01,RNA,8800,627
3588,2016-05-01,RNA,7119,0
3589,2016-05-01,RQW,8693,2350
3590,2016-05-01,RQW,238,0
3592,2016-05-01,RL4,11800,1922
3593,2016-05-01,RL4,4664,0
3595,2016-05-01,RRK,10199,1843
3596,2016-05-01,RKB,12263,3132
3597,2016-05-01,RKB,1855,30
3598,2016-05-01,RKB,2473,5
3602,2016-05-01,RJE,16008,4424
3603,2016-05-01,RJE,394,0
3604,2016-05-01,RJE,5118,40
3605,2016-05-01,RBK,6251,923
3606,2016-05-01,RBK,4267,10
3612,2016-05-01,RWP,11100,2957
3613,2016-05-01,RWP,5761,0
3615,2016-05-01,RLQ,4957,846
3616,2016-05-01,RLQ,3709,0
3877,2016-04-01,RLT,5691,800
3917,2016-04-01,RXK,13407,1569
3918,2016-04-01,RXK,2344,39
3919,2016-04-01,RXK,2948,0
3922,2016-04-01,RXW,9737,1852
3923,2016-04-01,RXW,1865,0
3928,2016-04-01,RJC,5065,250
3929,2016-04-01,RJC,613,0
3933,2016-04-01,RNA,7824,529
3934,2016-04-01,RNA,6470,0
3935,2016-04-01,RQW,7781,1984
3936,2016-04-01,RQW,246,0
3938,2016-04-01,RL4,10811,1613
3939,2016-04-01,RL4,4414,0
3941,2016-04-01,RRK,9044,1195
3942,2016-04-01,RKB,11187,2972
3943,2016-04-01,RKB,1804,22
3944,2016-04-01,RKB,2139,4
3948,2016-04-01,RJE,14718,4227
3949,2016-04-01,RJE,443,0
3950,2016-04-01,RJE,4806,15
3951,2016-04-01,RBK,6077,913
3952,2016-04-01,RBK,3833,7
3958,2016-04-01,RWP,9754,2339
3959,2016-04-01,RWP,5204,0
3961,2016-04-01,RLQ,4299,716
3962,2016-04-01,RLQ,3184,0
4220,2018-03-01,RLT,6977,1632
4258,2018-03-01,RXK,13805,3556
4259,2018-03-01,RXK,1058,26
4260,2018-03-01,RXK,2955,0
4263,2018-03-01,RXW,8661,3389
4264,2018-03-01,RXW,1816,45
4268,2018-03-01,RJC,5592,937
4269,2018-03-01,RJC,745,0
4273,2018-03-01,RNA,8425,2524
4274,2018-03-01,RNA,5776,96
4275,2018-03-01,RQW,8546,3030
4277,2018-03-01,RL4,10985,2793
4278,2018-03-01,RL4,8862,168
4281,2018-03-01,RRK,9936,2154
4282,2018-03-01,RKB,12177,3993
4283,2018-03-01,RKB,1809,24
4284,2018-03-01,RKB,5912,120
4287,2018-03-01,RJE,14321,4968
4288,2018-03-01,RJE,443,0
4289,2018-03-01,RJE,6479,123
4290,2018-03-01,RBK,6607,2471
4291,2018-03-01,RBK,3271,14
4297,2018-03-01,RWP,10145,4387
4298,2018-03-01,RWP,5183,15
4299,2018-03-01,RLQ,4740,1252
4300,2018-03-01,RLQ,354,0
4592,2018-02-01,RLT,6232,1389
4630,2018-02-01,RXK,12705,3357
4631,2018-02-01,RXK,1057,23
4632,2018-02-01,RXK,2976,0
4635,2018-02-01,RXW,7910,3051
4636,2018-02-01,RXW,1554,15
4640,2018-02-01,RJC,5121,991
4641,2018-02-01,RJC,630,0
4645,2018-02-01,RNA,7805,2498
4646,2018-02-01,RNA,5211,27
4647,2018-02-01,RQW,7584,2801
4649,2018-02-01,RL4,10018,2396
4650,2018-02-01,RL4,8527,151
4653,2018-02-01,RRK,9322,2048
4654,2018-02-01,RKB,11114,3874
4655,2018-02-01,RKB,1663,16
4656,2018-02-01,RKB,5607,139
4659,2018-02-01,RJE,12676,4669
4660,2018-02-01,RJE,382,0
4661,2018-02-01,RJE,5910,123
4662,2018-02-01,RBK,5986,2101
4663,2018-02-01,RBK,3147,13
4669,2018-02-01,RWP,9160,3817
4670,2018-02-01,RWP,4524,1
4671,2018-02-01,RLQ,4338,1387
4672,2018-02-01,RLQ,216,0
4964,2018-01-01,RLT,6717,1423
5002,2018-01-01,RXK,14708,3244
5003,2018-01-01,RXK,953,5
5004,2018-01-01,RXK,2845,4
5007,2018-01-01,RXW,8580,3489
5008,2018-01-01,RXW,1758,23
5012,2018-01-01,RJC,5458,780
5013,2018-01-01,RJC,638,0
5017,2018-01-01,RNA,8741,2591
5018,2018-01-01,RNA,6055,102
5019,2018-01-01,RQW,8422,2830
5021,2018-01-01,RL4,11186,2931
5022,2018-01-01,RL4,9830,278
5025,2018-01-01,RRK,10083,2181
5026,2018-01-01,RKB,11813,3465
5027,2018-01-01,RKB,1892,24
5028,2018-01-01,RKB,6130,204
5031,2018-01-01,RJE,13346,6145
5032,2018-01-01,RJE,443,0
5033,2018-01-01,RJE,6846,231
5034,2018-01-01,RBK,6610,2416
5035,2018-01-01,RBK,3639,4
5041,2018-01-01,RWP,10218,4039
5042,2018-01-01,RWP,4886,1
5043,2018-01-01,RLQ,4532,1263
5328,2017-12-01,RLT,6805,1155
5366,2017-12-01,RXK,14643,3814
5367,2017-12-01,RXK,897,4
5368,2017-12-01,RXK,2325,0
5371,2017-12-01,RXW,8298,3048
5372,2017-12-01,RXW,1733,30
5376,2017-12-01,RJC,5712,891
5377,2017-12-01,RJC,566,0
5381,2017-12-01,RNA,8410,2961
5382,2017-12-01,RNA,6051,86
5383,2017-12-01,RQW,8584,2808
5385,2017-12-01,RL4,10705,2314
5386,2017-12-01,RL4,9138,242
5389,2017-12-01,RRK,9667,986
5390,2017-12-01,RKB,11597,3160
5391,2017-12-01,RKB,1463,12
5392,2017-12-01,RKB,5761,251
5395,2017-12-01,RJE,13524,5545
5396,2017-12-01,RJE,350,0
5397,2017-12-01,RJE,5869,74
5398,2017-12-01,RBK,6576,2290
5399,2017-12-01,RBK,3547,1
5404,2017-12-01,RWP,10225,3663
5405,2017-12-01,RWP,4455,11
5406,2017-12-01,RLQ,4696,1314
5690,2017-11-01,RLT,6706,932
5727,2017-11-01,RXK,14676,3161
5728,2017-11-01,RXK,1089,7
5729,2017-11-01,RXK,2529,0
5732,2017-11-01,RXW,8535,2633
5733,2017-11-01,RXW,1551,16
5737,2017-11-01,RJC,5617,490
5738,2017-11-01,RJC,656,0
5741,2017-11-01,RNA,8647,2249
5742,2017-11-01,RNA,5363,6
5743,2017-11-01,RQW,8765,2572
5745,2017-11-01,RL4,10892,2120
5746,2017-11-01,RL4,8386,308
5749,2017-11-01,RRK,9522,1804
5750,2017-11-01,RKB,11896,2837
5751,2017-11-01,RKB,1885,35
5752,2017-11-01,RKB,5928,86
5755,2017-11-01,RJE,13843,4455
5756,2017-11-01,RJE,436,0
5757,2017-11-01,RJE,6173,76
5758,2017-11-01,RBK,6416,1747
5759,2017-11-01,RBK,3324,3
5764,2017-11-01,RWP,9984,2983
5765,2017-11-01,RWP,5273,19
5766,2017-11-01,RLQ,4421,847
5767,2017-11-01,RLQ,374,0
6047,2017-10-01,RLT,6867,704
6084,2017-10-01,RXK,15212,2798
6085,2017-10-01,RXK,1181,2
6086,2017-10-01,RXK,2736,0
6089,2017-10-01,RXW,10764,2878
6093,2017-10-01,RJC,5987,529
6094,2017-10-01,RJC,757,0
6097,2017-10-01,RNA,9156,1378
6098,2017-10-01,RNA,5134,42
6099,2017-10-01,RQW,8706,2762
6101,2017-10-01,RL4,11436,1500
6102,2017-10-01,RL4,8782,208
6105,2017-10-01,RRK,10348,2190
6106,2017-10-01,RKB,12305,2817
6107,2017-10-01,RKB,1892,22
6108,2017-10-01,RKB,6358,145
6111,2017-10-01,RJE,14081,4498
6112,2017-10-01,RJE,428,0
6113,2017-10-01,RJE,6697,72
6114,2017-10-01,RBK,6639,1768
6115,2017-10-01,RBK,3617,1
6120,2017-10-01,RWP,10553,2908
6121,2017-10-01,RWP,5486,5
6122,2017-10-01,RLQ,4740,1042
6123,2017-10-01,RLQ,432,0
6398,2017-09-01,RLT,6680,593
6435,2017-09-01,RXK,14266,2146
6436,2017-09-01,RXK,1111,9
6437,2017-09-01,RXK,2427,0
6440,2017-09-01,RXW,10133,2265
6444,2017-09-01,RJC,5607,408
6445,2017-09-01,RJC,698,0
6449,2017-09-01,RNA,8563,1586
6450,2017-09-01,RNA,4494,16
6451,2017-09-01,RQW,8312,2467
6453,2017-09-01,RL4,10884,1476
6454,2017-09-01,RL4,7856,132
6456,2017-09-01,RRK,9693,1683
6457,2017-09-01,RKB,11362,3319
6458,2017-09-01,RKB,2113,26
6459,2017-09-01,RKB,2256,28
6462,2017-09-01,RJE,13705,4684
6463,2017-09-01,RJE,398,0
6464,2017-09-01,RJE,6304,121
6465,2017-09-01,RBK,6235,1752
6466,2017-09-01,RBK,3407,1
6471,2017-09-01,RWP,9817,2716
6472,2017-09-01,RWP,5453,0
6473,2017-09-01,RLQ,4596,998
6474,2017-09-01,RLQ,394,0
6745,2017-08-01,RLT,6487,305
6783,2017-08-01,RXK,13817,2148
6784,2017-08-01,RXK,1170,29
6785,2017-08-01,RXK,2417,0
6788,2017-08-01,RXW,10459,2495
6789,2017-08-01,RXW,204,0
6792,2017-08-01,RJC,5259,233
6793,2017-08-01,RJC,681,0
6797,2017-08-01,RNA,8115,1607
6798,2017-08-01,RNA,4607,27
6799,2017-08-01,RQW,8139,2039
6801,2017-08-01,RL4,11009,1301
6802,2017-08-01,RL4,7637,173
6804,2017-08-01,RRK,9685,1279
6805,2017-08-01,RKB,11093,2352
6806,2017-08-01,RKB,1922,12
6807,2017-08-01,RKB,2207,15
6810,2017-08-01,RJE,13548,3932
6811,2017-08-01,RJE,432,0
6812,2017-08-01,RJE,6354,182
6813,2017-08-01,RBK,5937,1814
6814,2017-08-01,RBK,3478,1
6819,2017-08-01,RWP,9896,3093
6820,2017-08-01,RWP,5396,1
6821,2017-08-01,RLQ,4703,773
6822,2017-08-01,RLQ,412,0
7089,2017-07-01,RLT,7088,722
7128,2017-07-01,RXK,15325,2653
7129,2017-07-01,RXK,1322,33
7130,2017-07-01,RXK,2530,0
7133,2017-07-01,RXW,11114,2655
7134,2017-07-01,RXW,1277,0
7137,2017-07-01,RJC,5811,297
7138,2017-07-01,RJC,735,0
7142,2017-07-01,RNA,9056,1563
7143,2017-07-01,RNA,5297,0
7144,2017-07-01,RQW,8792,2347
7146,2017-07-01,RL4,11752,1108
7147,2017-07-01,RL4,8489,155
7149,2017-07-01,RRK,10189,1357
7150,2017-07-01,RKB,12011,2885
7151,2017-07-01,RKB,1972,28
7152,2017-07-01,RKB,2499,3
7155,2017-07-01,RJE,15922,4057
7156,2017-07-01,RJE,433,0
7157,2017-07-01,RJE,4937,14
7158,2017-07-01,RBK,6461,1804
7159,2017-07-01,RBK,3756,0
7164,2017-07-01,RWP,10611,2943
7165,2017-07-01,RWP,6175,7
7166,2017-07-01,RLQ,4894,1165
7167,2017-07-01,RLQ,2392,0
7434,2017-06-01,RLT,6893,342
7473,2017-06-01,RXK,14612,2974
7474,2017-06-01,RXK,1200,40
7475,2017-06-01,RXK,2416,0
7478,2017-06-01,RXW,10557,2429
7479,2017-06-01,RXW,1321,0
7482,2017-06-01,RJC,5590,219
7483,2017-06-01,RJC,748,0
7487,2017-06-01,RNA,8902,888
7488,2017-06-01,RNA,4810,0
7489,2017-06-01,RQW,8625,2159
7491,2017-06-01,RL4,11531,1212
7492,2017-06-01,RL4,8401,95
7494,2017-06-01,RRK,9505,1190
7495,2017-06-01,RKB,11566,2679
7496,2017-06-01,RKB,2020,17
7497,2017-06-01,RKB,2415,22
7500,2017-06-01,RJE,14972,3755
7501,2017-06-01,RJE,427,0
7502,2017-06-01,RJE,4705,50
7503,2017-06-01,RBK,6261,1501
7504,2017-06-01,RBK,3760,0
7509,2017-06-01,RWP,10313,2824
7510,2017-06-01,RWP,6245,0
7511,2017-06-01,RLQ,4680,834
7512,2017-06-01,RLQ,2781,0
7779,2017-05-01,RLT,6680,263
7818,2017-05-01,RXK,15314,3510
7819,2017-05-01,RXK,1235,39
7820,2017-05-01,RXK,2704,0
7823,2017-05-01,RXW,10732,2722
7824,2017-05-01,RXW,1374,0
7827,2017-05-01,RJC,5672,349
7828,2017-05-01,RJC,702,0
7832,2017-05-01,RNA,9013,1208
7833,2017-05-01,RNA,6204,2
7834,2017-05-01,RQW,8649,1897
7836,2017-05-01,RL4,11858,1148
7837,2017-05-01,RL4,9165,88
7839,2017-05-01,RRK,10122,1558
7840,2017-05-01,RKB,12090,3288
7841,2017-05-01,RKB,1982,26
7842,2017-05-01,RKB,2349,2
7845,2017-05-01,RJE,15618,4273
7846,2017-05-01,RJE,405,0
7847,2017-05-01,RJE,4996,41
7848,2017-05-01,RBK,6453,1841
7849,2017-05-01,RBK,3558,0
7854,2017-05-01,RWP,10386,2813
7855,2017-05-01,RWP,5851,0
7856,2017-05-01,RLQ,4747,912
7857,2017-05-01,RLQ,3281,0
8123,2017-04-01,RLT,6653,460
8162,2017-04-01,RXK,13837,2765
8163,2017-04-01,RXK,2084,49
8164,2017-04-01,RXK,2774,0
8167,2017-04-01,RXW,9942,1786
8168,2017-04-01,RXW,1578,0
8171,2017-04-01,RJC,5402,260
8172,2017-04-01,RJC,655,0
8176,2017-04-01,RNA,8597,1295
8177,2017-04-01,RNA,6991,0
8178,2017-04-01,RQW,8164,1714
8180,2017-04-01,RL4,11072,1400
8181,2017-04-01,RL4,9148,112
8183,2017-04-01,RRK,9427,1632
8184,2017-04-01,RKB,11589,2309
8185,2017-04-01,RKB,1790,26
8186,2017-04-01,RKB,2301,5
8190,2017-04-01,RJE,14366,2942
8191,2017-04-01,RJE,378,0
8192,2017-04-01,RJE,4635,19
8193,2017-04-01,RBK,6009,1366
8194,2017-04-01,RBK,3629,2
8199,2017-04-01,RWP,10048,2904
8200,2017-04-01,RWP,5411,0
8201,2017-04-01,RLQ,4515,619
8202,2017-04-01,RLQ,3022,0
8466,2019-03-01,RLT,7690,1219
8500,2019-03-01,RXK,14139,2626
8501,2019-03-01,RXK,1185,3
8502,2019-03-01,RXK,3268,2
8505,2019-03-01,RXW,9935,3264
8506,2019-03-01,RXW,2229,42
8510,2019-03-01,RJC,6316,274
8511,2019-03-01,RJC,772,0
8515,2019-03-01,RNA,9593,3209
8516,2019-03-01,RNA,5587,43
8517,2019-03-01,RQW,9367,2604
8519,2019-03-01,RL4,12471,1819
8520,2019-03-01,RL4,8863,152
8523,2019-03-01,RRK,32017,10670
8524,2019-03-01,RRK,3429,36
8525,2019-03-01,RKB,13331,3956
8526,2019-03-01,RKB,2042,6
8527,2019-03-01,RKB,6497,207
8532,2019-03-01,RJE,15539,4077
8533,2019-03-01,RJE,472,0
8534,2019-03-01,RJE,6818,144
8535,2019-03-01,RBK,7046,2284
8536,2019-03-01,RBK,2645,3
8542,2019-03-01,RWP,10964,3749
8543,2019-03-01,RWP,5845,3
8544,2019-03-01,RLQ,5294,791
8824,2019-02-01,RLT,6948,1370
8858,2019-02-01,RXK,12929,2991
8859,2019-02-01,RXK,1061,15
8860,2019-02-01,RXK,2959,2
8863,2019-02-01,RXW,8797,3602
8864,2019-02-01,RXW,2112,65
8868,2019-02-01,RJC,5696,590
8869,2019-02-01,RJC,605,0
8873,2019-02-01,RNA,8277,2680
8874,2019-02-01,RNA,5255,14
8875,2019-02-01,RQW,8487,3347
8877,2019-02-01,RL4,11199,2093
8878,2019-02-01,RL4,8494,186
8881,2019-02-01,RRK,28898,11376
8882,2019-02-01,RRK,3077,63
8883,2019-02-01,RKB,11924,3860
8884,2019-02-01,RKB,1822,9
8885,2019-02-01,RKB,5793,205
8890,2019-02-01,RJE,14252,4000
8891,2019-02-01,RJE,405,0
8892,2019-02-01,RJE,6252,122
8893,2019-02-01,RBK,6256,1875
8894,2019-02-01,RBK,2495,8
8900,2019-02-01,RWP,9717,3863
8901,2019-02-01,RWP,4840,0
8902,2019-02-01,RLQ,4661,1149
9183,2019-01-01,RLT,6957,1566
9217,2019-01-01,RXK,13809,3956
9218,2019-01-01,RXK,1078,7
9219,2019-01-01,RXK,3155,0
9222,2019-01-01,RXW,9511,3680
9223,2019-01-01,RXW,2199,77
9227,2019-01-01,RJC,5940,657
9228,2019-01-01,RJC,660,0
9232,2019-01-01,RNA,9474,3111
9233,2019-01-01,RNA,6241,7
9234,2019-01-01,RQW,9168,2948
9236,2019-01-01,RL4,12311,2377
9237,2019-01-01,RL4,9270,164
9240,2019-01-01,RRK,31935,12502
9241,2019-01-01,RRK,3089,73
9242,2019-01-01,RKB,12836,3037
9243,2019-01-01,RKB,1955,0
9244,2019-01-01,RKB,6222,201
9249,2019-01-01,RJE,15183,4257
9250,2019-01-01,RJE,462,0
9251,2019-01-01,RJE,6310,37
9252,2019-01-01,RBK,7026,2320
9253,2019-01-01,RBK,2626,14
9259,2019-01-01,RWP,10574,4492
9260,2019-01-01,RWP,5217,1
9261,2019-01-01,RLQ,4952,1520
9543,2018-12-01,RLT,6969,1537
9577,2018-12-01,RXK,13604,4432
9578,2018-12-01,RXK,1009,3
9579,2018-12-01,RXK,3140,1
9582,2018-12-01,RXW,9311,3878
9583,2018-12-01,RXW,2153,75
9587,2018-12-01,RJC,5843,524
9588,2018-12-01,RJC,659,0
9592,2018-12-01,RNA,9019,2819
9593,2018-12-01,RNA,6159,1
9594,2018-12-01,RQW,9172,2482
9596,2018-12-01,RL4,11494,1440
9597,2018-12-01,RL4,9090,161
9600,2018-12-01,RRK,30979,8981
9601,2018-12-01,RRK,3067,36
9602,2018-12-01,RKB,12470,2775
9603,2018-12-01,RKB,1716,6
9604,2018-12-01,RKB,5997,114
9609,2018-12-01,RJE,15225,4101
9610,2018-12-01,RJE,415,0
9611,2018-12-01,RJE,6544,22
9612,2018-12-01,RBK,6894,2123
9613,2018-12-01,RBK,3197,5
9619,2018-12-01,RWP,10561,4426
9620,2018-12-01,RWP,4720,2
9621,2018-12-01,RLQ,5074,1411
9905,2018-11-01,RLT,6940,1510
9939,2018-11-01,RXK,13262,3373
9940,2018-11-01,RXK,1105,7
9941,2018-11-01,RXK,3135,0
9944,2018-11-01,RXW,9166,3492
9945,2018-11-01,RXW,1846,27
9949,2018-11-01,RJC,5821,298
9950,2018-11-01,RJC,639,0
9954,2018-11-01,RNA,9147,2467
9955,2018-11-01,RNA,5585,6
9956,2018-11-01,RQW,9296,2540
9958,2018-11-01,RL4,11609,2005
9959,2018-11-01,RL4,8479,176
9962,2018-11-01,RRK,30645,8120
9963,2018-11-01,RRK,3125,60
9964,2018-11-01,RKB,12660,1889
9965,2018-11-01,RKB,2020,4
9966,2018-11-01,RKB,5798,92
9971,2018-11-01,RJE,14928,3023
9972,2018-11-01,RJE,453,0
9973,2018-11-01,RJE,6216,10
9974,2018-11-01,RBK,6781,1729
9975,2018-11-01,RBK,3376,5
9981,2018-11-01,RWP,10227,3894
9982,2018-11-01,RWP,5352,7
9983,2018-11-01,RLQ,4952,1447
9984,2018-11-01,RLQ,346,0
10268,2018-10-01,RLT,6953,1140
10302,2018-10-01,RXK,13183,3263
10303,2018-10-01,RXK,1180,11
10304,2018-10-01,RXK,3022,11
10307,2018-10-01,RXW,9372,3291
10308,2018-10-01,RXW,1892,33
10312,2018-10-01,RJC,5877,149
10313,2018-10-01,RJC,697,0
10317,2018-10-01,RNA,8930,1704
10318,2018-10-01,RNA,5458,0
10319,2018-10-01,RQW,8868,1318
10321,2018-10-01,RL4,11771,1541
10322,2018-10-01,RL4,8226,99
10325,2018-10-01,RRK,30570,7089
10326,2018-10-01,RRK,3355,30
10327,2018-10-01,RKB,12519,1937
10328,2018-10-01,RKB,2033,8
10329,2018-10-01,RKB,6025,78
10334,2018-10-01,RJE,15139,2737
10335,2018-10-01,RJE,449,0
10336,2018-10-01,RJE,6627,1
10337,2018-10-01,RBK,6637,1307
10338,2018-10-01,RBK,3532,0
10344,2018-10-01,RWP,10563,4098
10345,2018-10-01,RWP,5866,6
10346,2018-10-01,RLQ,5153,1403
10347,2018-10-01,RLQ,445,0
10632,2018-09-01,RLT,6987,944
10666,2018-09-01,RXK,13581,3004
10667,2018-09-01,RXK,1170,9
10668,2018-09-01,RXK,2989,0
10671,2018-09-01,RXW,9151,3252
10672,2018-09-01,RXW,1897,18
10676,2018-09-01,RJC,5714,326
10677,2018-09-01,RJC,798,0
10681,2018-09-01,RNA,8832,2011
10682,2018-09-01,RNA,4774,0
10683,2018-09-01,RQW,8678,1845
10685,2018-09-01,RL4,11336,1493
10686,2018-09-01,RL4,7506,49
10689,2018-09-01,RRK,29915,6599
10690,2018-09-01,RRK,3491,47
10691,2018-09-01,RKB,11907,1714
10692,2018-09-01,RKB,1834,30
10693,2018-09-01,RKB,5751,11
10698,2018-09-01,RJE,14587,3711
10699,2018-09-01,RJE,433,0
10700,2018-09-01,RJE,5753,7
10701,2018-09-01,RBK,6204,1889
10702,2018-09-01,RBK,3293,0
10708,2018-09-01,RWP,10313,3578
10709,2018-09-01,RWP,5801,9
10710,2018-09-01,RLQ,4917,1245
10711,2018-09-01,RLQ,358,0
10996,2018-08-01,RLT,6818,822
11030,2018-08-01,RXK,13242,2984
11031,2018-08-01,RXK,1254,15
11032,2018-08-01,RXK,2837,0
11035,2018-08-01,RXW,9372,2812
11036,2018-08-01,RXW,1856,15
11040,2018-08-01,RJC,5583,215
11041,2018-08-01,RJC,806,0
11045,2018-08-01,RNA,8360,1622
11046,2018-08-01,RNA,4972,25
11047,2018-08-01,RQW,8373,1544
11049,2018-08-01,RL4,10965,1170
11050,2018-08-01,RL4,7876,52
11053,2018-08-01,RRK,29102,5983
11054,2018-08-01,RRK,3522,29
11055,2018-08-01,RKB,11456,2619
11056,2018-08-01,RKB,1867,21
11057,2018-08-01,RKB,5625,33
11062,2018-08-01,RJE,15000,2005
11063,2018-08-01,RJE,478,0
11064,2018-08-01,RJE,5703,24
11065,2018-08-01,RBK,6074,1756
11066,2018-08-01,RBK,3528,12
11072,2018-08-01,RWP,10358,3856
11073,2018-08-01,RWP,6026,17
11074,2018-08-01,RLQ,5004,1224
11075,2018-08-01,RLQ,401,0
11361,2018-07-01,RLT,7593,739
11395,2018-07-01,RXK,14575,2993
11396,2018-07-01,RXK,1169,8
11397,2018-07-01,RXK,3179,0
11400,2018-07-01,RXW,10176,3085
11401,2018-07-01,RXW,2031,13
11405,2018-07-01,RJC,6181,312
11406,2018-07-01,RJC,977,0
11410,2018-07-01,RNA,9565,2225
11411,2018-07-01,RNA,5795,33
11412,2018-07-01,RQW,9226,2398
11414,2018-07-01,RL4,11844,1651
11415,2018-07-01,RL4,8344,49
11418,2018-07-01,RRK,32209,6499
11419,2018-07-01,RRK,4014,29
11420,2018-07-01,RKB,12643,1868
11421,2018-07-01,RKB,1851,17
11422,2018-07-01,RKB,6100,18
11427,2018-07-01,RJE,16622,3758
11428,2018-07-01,RJE,435,0
11429,2018-07-01,RJE,6495,126
11430,2018-07-01,RBK,6769,2014
11431,2018-07-01,RBK,3706,7
11437,2018-07-01,RWP,11266,3995
11438,2018-07-01,RWP,6974,18
11439,2018-07-01,RLQ,5402,1537
11440,2018-07-01,RLQ,475,0
11731,2018-06-01,RLT,7262,612
11769,2018-06-01,RXK,13812,3391
11770,2018-06-01,RXK,1298,27
11771,2018-06-01,RXK,3148,0
11774,2018-06-01,RXW,9459,2909
11775,2018-06-01,RXW,2003,14
11779,2018-06-01,RJC,6017,272
11780,2018-06-01,RJC,844,0
11784,2018-06-01,RNA,8944,1908
11785,2018-06-01,RNA,5731,10
11786,2018-06-01,RQW,8882,1960
11788,2018-06-01,RL4,11548,1669
11789,2018-06-01,RL4,8278,58
11792,2018-06-01,RRK,10035,1488
11793,2018-06-01,RKB,12368,2157
11794,2018-06-01,RKB,1941,14
11795,2018-06-01,RKB,6196,27
11798,2018-06-01,RJE,16045,3904
11799,2018-06-01,RJE,442,0
11800,2018-06-01,RJE,6557,64
11801,2018-06-01,RBK,6654,1627
11802,2018-06-01,RBK,3566,19
11808,2018-06-01,RWP,10488,3453
11809,2018-06-01,RWP,6615,3
11810,2018-06-01,RLQ,5061,1280
11811,2018-06-01,RLQ,439,0
12102,2018-05-01,RLT,7359,543
12140,2018-05-01,RXK,14389,3716
12141,2018-05-01,RXK,1300,19
12142,2018-05-01,RXK,3077,0
12145,2018-05-01,RXW,9939,3325
12146,2018-05-01,RXW,1912,22
12150,2018-05-01,RJC,5984,372
12151,2018-05-01,RJC,875,0
12155,2018-05-01,RNA,9113,2141
12156,2018-05-01,RNA,5753,31
12157,2018-05-01,RQW,8829,2139
12159,2018-05-01,RL4,11639,1133
12160,2018-05-01,RL4,8906,67
12163,2018-05-01,RRK,10573,1637
12164,2018-05-01,RKB,12362,1847
12165,2018-05-01,RKB,1864,13
12166,2018-05-01,RKB,6192,99
12169,2018-05-01,RJE,16732,3676
12170,2018-05-01,RJE,422,0
12171,2018-05-01,RJE,5967,78
12172,2018-05-01,RBK,6688,1423
12173,2018-05-01,RBK,3671,9
12179,2018-05-01,RWP,10780,3658
12180,2018-05-01,RWP,6472,4
12181,2018-05-01,RLQ,5258,1275
12182,2018-05-01,RLQ,461,0
12474,2018-04-01,RLT,6857,1182
12511,2018-04-01,RXK,12994,2730
12512,2018-04-01,RXK,1209,17
12513,2018-04-01,RXK,2872,0
12516,2018-04-01,RXW,8704,2639
12517,2018-04-01,RXW,1895,22
12521,2018-04-01,RJC,5463,585
12522,2018-04-01,RJC,686,1
12526,2018-04-01,RNA,8259,1892
12527,2018-04-01,RNA,5783,32
12528,2018-04-01,RQW,8193,2157
12530,2018-04-01,RL4,10709,1704
12531,2018-04-01,RL4,8466,58
12534,2018-04-01,RRK,9831,1759
12535,2018-04-01,RKB,11581,2853
12536,2018-04-01,RKB,1775,25
12537,2018-04-01,RKB,5976,57
12540,2018-04-01,RJE,14076,3933
12541,2018-04-01,RJE,407,0
12542,2018-04-01,RJE,6054,171
12543,2018-04-01,RBK,6193,1640
12544,2018-04-01,RBK,3323,1
12550,2018-04-01,RWP,10121,3810
12551,2018-04-01,RWP,5311,0
12552,2018-04-01,RLQ,4802,957
12553,2018-04-01,RLQ,320,0
